{
    "Time": 252,
    "sigma": 0.256573,
    "mu": 0.201649,
    "rate": 0.0368,
    "gamma": 5.0
}