{
    "Time":252,
    "sigma":0.25661941410837696,
    "mu":0.1893899526174155,
    "rate":0.0379,
    "gamma":5
}